Education,Experience,TestScore,InterviewScore,Hired
Graduate,1.0,72.0,68.0,No
Postgraduate,5.0,88.0,90.0,Yes
Graduate,,65.0,70.0,No
Diploma,2.0,,55.0,No
Postgraduate,7.0,91.0,,Yes
Graduate,3.0,76.0,78.0,Yes
Diploma,1.0,58.0,60.0,No
Graduate,,81.0,82.0,Yes
Postgraduate,6.0,94.0,93.0,Yes
Graduate,4.0,,75.0,Yes
Diploma,2.0,62.0,,No
Postgraduate,8.0,89.0,88.0,Yes
Graduate,3.0,74.0,72.0,No
Diploma,,55.0,58.0,No
Graduate,5.0,83.0,80.0,Yes
Postgraduate,9.0,96.0,95.0,Yes
Graduate,2.0,,67.0,No
Diploma,4.0,69.0,,No
Postgraduate,,92.0,91.0,Yes
Graduate,6.0,85.0,84.0,Yes
